ESPN TEAM,Player,Total Points,Injured,Type,Player ID,MLB Team,TrendPoints,TrendAB,TrendAVG,TrendHits,TrendDoubles,TrendTriples,TrendHR,TrendBB,TrendRuns,TrendRBI,TrendSB,TrendHBP,TrendIP,TrendER,TrendERA,TrendWins,TrendSaves,TrendK,TrendHolds,Hits,Doubles,Triples,HR,BB,Runs,RBI,SB,HBP,IP,ER,Wins,Saves,K,QS,Holds
Team 1,K Teel,282,N,hitter,691019.0,CWS,78.0,30.0,0.233,7.0,0.0,0.0,1.0,5.0,7.0,6.0,0.0,3.0,0.0,0.0,0.0,0.0,0.0,0.0,0.0,25.0,3.0,0.0,5.0,19.0,21.0,26.0,0.0,4.0,0.0,0.0,0.0,0.0,0.0,0.0,0.0
,P Alonso,1581,N,hitter,624413.0,BAL,138.0,33.0,0.273,9.0,0.0,0.0,7.0,4.0,10.0,12.0,0.0,2.0,0.0,0.0,0.0,0.0,0.0,0.0,0.0,161.0,24.0,0.0,43.0,81.0,100.0,113.0,5.0,12.0,0.0,0.0,0.0,0.0,0.0,0.0,0.0
,V Guerrero Jr,1030,N,hitter,665489.0,TOR,31.0,25.0,0.24,6.0,1.0,0.0,0.0,2.0,1.0,1.0,0.0,0.0,0.0,0.0,0.0,0.0,0.0,0.0,0.0,141.0,25.0,0.0,9.0,56.0,72.0,57.0,7.0,5.0,0.0,0.0,0.0,0.0,0.0,0.0,0.0
,J Holliday,590,N,hitter,702616.0,BAL,0.0,0.0,0.0,0.0,0.0,0.0,0.0,0.0,0.0,0.0,0.0,0.0,0.0,0.0,0.0,0.0,0.0,0.0,0.0,72.0,12.0,1.0,7.0,34.0,45.0,30.0,8.0,0.0,0.0,0.0,0.0,0.0,0.0,0.0,0.0
,J Caminero,1547,N,hitter,691406.0,TB,87.0,42.0,0.238,10.0,3.0,0.0,1.0,5.0,8.0,5.0,0.0,0.0,0.0,0.0,0.0,0.0,0.0,0.0,0.0,170.0,25.0,1.0,42.0,79.0,100.0,101.0,3.0,4.0,0.0,0.0,0.0,0.0,0.0,0.0,0.0
,M Murakami,1196,N,hitter,808959.0,CWS,131.0,39.0,0.256,10.0,2.0,1.0,4.0,6.0,7.0,12.0,0.0,2.0,0.0,0.0,0.0,0.0,0.0,0.0,0.0,94.0,16.0,1.0,35.0,92.0,82.0,77.0,1.0,6.0,0.0,0.0,0.0,0.0,0.0,0.0,0.0
,G Henderson,1269,N,hitter,683002.0,BAL,59.0,30.0,0.3,9.0,1.0,1.0,1.0,2.0,2.0,2.0,0.0,1.0,0.0,0.0,0.0,0.0,0.0,0.0,0.0,141.0,27.0,6.0,24.0,67.0,88.0,60.0,10.0,10.0,0.0,0.0,0.0,0.0,0.0,0.0,0.0
,C Montgomery,1149,N,hitter,695657.0,CWS,33.0,33.0,0.091,3.0,1.0,0.0,0.0,2.0,3.0,3.0,0.0,1.0,0.0,0.0,0.0,0.0,0.0,0.0,0.0,112.0,24.0,0.0,31.0,54.0,71.0,87.0,1.0,14.0,0.0,0.0,0.0,0.0,0.0,0.0,0.0
,R Anthony,415,N,hitter,701350.0,BOS,84.0,37.0,0.27,10.0,4.0,1.0,1.0,4.0,4.0,5.0,0.0,0.0,0.0,0.0,0.0,0.0,0.0,0.0,0.0,52.0,11.0,3.0,5.0,29.0,24.0,15.0,2.0,1.0,0.0,0.0,0.0,0.0,0.0,0.0,0.0
,J Duran,1047,N,hitter,680776.0,BOS,45.0,22.0,0.273,6.0,0.0,1.0,0.0,4.0,1.0,0.0,2.0,0.0,0.0,0.0,0.0,0.0,0.0,0.0,0.0,114.0,15.0,5.0,20.0,41.0,66.0,69.0,21.0,6.0,0.0,0.0,0.0,0.0,0.0,0.0,0.0
,A Judge,654,Y,hitter,592450.0,,0.0,2.0,0.0,0.0,0.0,0.0,0.0,0.0,0.0,0.0,0.0,0.0,0.0,0.0,0.0,0.0,0.0,0.0,0.0,57.0,10.0,0.0,18.0,43.0,45.0,41.0,5.0,2.0,0.0,0.0,0.0,0.0,0.0,0.0,0.0
,G Springer,953,N,hitter,543807.0,TOR,26.0,28.0,0.179,5.0,1.0,0.0,0.0,0.0,2.0,2.0,0.0,0.0,0.0,0.0,0.0,0.0,0.0,0.0,0.0,115.0,23.0,2.0,15.0,47.0,59.0,54.0,12.0,3.0,0.0,0.0,0.0,0.0,0.0,0.0,0.0
,A Hays,188,N,hitter,669720.0,SD,25.0,11.0,0.364,4.0,0.0,0.0,0.0,1.0,2.0,3.0,0.0,0.0,0.0,0.0,0.0,0.0,0.0,0.0,0.0,28.0,3.0,0.0,3.0,4.0,16.0,15.0,0.0,0.0,0.0,0.0,0.0,0.0,0.0,0.0,0.0
,M Vargas,1580,N,hitter,678246.0,CWS,123.0,34.0,0.265,9.0,1.0,0.0,2.0,11.0,8.0,9.0,3.0,0.0,0.0,0.0,0.0,0.0,0.0,0.0,0.0,147.0,31.0,1.0,33.0,101.0,106.0,93.0,22.0,7.0,0.0,0.0,0.0,0.0,0.0,0.0,0.0
,J Ramirez,1083,N,hitter,608070.0,CLE,101.0,38.0,0.316,12.0,3.0,0.0,1.0,3.0,7.0,5.0,4.0,0.0,0.0,0.0,0.0,0.0,0.0,0.0,0.0,111.0,27.0,0.0,12.0,60.0,71.0,53.0,37.0,3.0,0.0,0.0,0.0,0.0,0.0,0.0,0.0
,S Torkelson,1167,N,hitter,679529.0,DET,104.0,29.0,0.31,9.0,2.0,1.0,2.0,9.0,3.0,5.0,0.0,3.0,0.0,0.0,0.0,0.0,0.0,0.0,0.0,121.0,28.0,1.0,26.0,71.0,66.0,77.0,1.0,10.0,0.0,0.0,0.0,0.0,0.0,0.0,0.0
,C Bassitt,437,N,pitcher,605135.0,BAL,60.0,0.0,0.0,0.0,0.0,0.0,0.0,0.0,0.0,0.0,0.0,0.0,11.2,3.0,2.31,2.0,0.0,8.0,0.0,0.0,0.0,0.0,0.0,0.0,0.0,0.0,0.0,0.0,102.0,52.0,9.0,0.0,74.0,4.0,0.0
,Trev Rogers,877,N,pitcher,669432.0,BAL,72.0,0.0,0.0,0.0,0.0,0.0,0.0,0.0,0.0,0.0,0.0,0.0,12.0,2.0,1.5,0.0,0.0,14.0,0.0,0.0,0.0,0.0,0.0,0.0,0.0,0.0,0.0,0.0,169.2,76.0,10.0,0.0,157.0,15.0,0.0
,G Crochet,168,N,pitcher,676979.0,BOS,0.0,0.0,0.0,0.0,0.0,0.0,0.0,0.0,0.0,0.0,0.0,0.0,0.0,0.0,0.0,0.0,0.0,0.0,0.0,0.0,0.0,0.0,0.0,0.0,0.0,0.0,0.0,0.0,30.0,21.0,3.0,0.0,37.0,3.0,0.0
,I Seymour,791,N,pitcher,693855.0,TB,43.0,0.0,0.0,0.0,0.0,0.0,0.0,0.0,0.0,0.0,0.0,0.0,10.1,4.0,3.48,0.0,0.0,8.0,0.0,0.0,0.0,0.0,0.0,0.0,0.0,0.0,0.0,0.0,132.2,62.0,9.0,2.0,158.0,6.0,10.0
,S McClanahan,610,N,pitcher,663556.0,TB,0.0,0.0,0.0,0.0,0.0,0.0,0.0,0.0,0.0,0.0,0.0,0.0,0.0,0.0,0.0,0.0,0.0,0.0,0.0,0.0,0.0,0.0,0.0,0.0,0.0,0.0,0.0,0.0,118.0,44.0,10.0,0.0,106.0,4.0,0.0
,N Martinez,836,N,pitcher,607259.0,TB,55.0,0.0,0.0,0.0,0.0,0.0,0.0,0.0,0.0,0.0,0.0,0.0,13.2,8.0,5.27,1.0,0.0,11.0,0.0,0.0,0.0,0.0,0.0,0.0,0.0,0.0,0.0,0.0,180.0,62.0,15.0,0.0,109.0,16.0,0.0
,T Yesavage,524,N,pitcher,702056.0,TOR,24.0,0.0,0.0,0.0,0.0,0.0,0.0,0.0,0.0,0.0,0.0,0.0,4.0,2.0,4.5,0.0,0.0,6.0,0.0,0.0,0.0,0.0,0.0,0.0,0.0,0.0,0.0,0.0,97.2,40.0,5.0,0.0,97.0,7.0,0.0
,S Smith,28,Y,pitcher,681343.0,,0.0,0.0,0.0,0.0,0.0,0.0,0.0,0.0,0.0,0.0,0.0,0.0,0.0,0.0,0.0,0.0,0.0,0.0,0.0,0.0,0.0,0.0,0.0,0.0,0.0,0.0,0.0,0.0,8.1,10.0,0.0,0.0,11.0,0.0,0.0
,R Helsley,128,Y,pitcher,664854.0,,0.0,0.0,0.0,0.0,0.0,0.0,0.0,0.0,0.0,0.0,0.0,0.0,0.0,0.0,0.0,0.0,0.0,0.0,0.0,0.0,0.0,0.0,0.0,0.0,0.0,0.0,0.0,0.0,15.1,7.0,0.0,8.0,21.0,0.0,0.0
,G Jax,607,N,pitcher,643377.0,TB,47.0,0.0,0.0,0.0,0.0,0.0,0.0,0.0,0.0,0.0,0.0,0.0,8.0,0.0,0.0,1.0,0.0,6.0,0.0,0.0,0.0,0.0,0.0,0.0,0.0,0.0,0.0,0.0,112.1,44.0,8.0,0.0,116.0,2.0,2.0
,S Dominguez,407,N,pitcher,622554.0,SEA,30.0,0.0,0.0,0.0,0.0,0.0,0.0,0.0,0.0,0.0,0.0,0.0,4.1,0.0,0.0,0.0,0.0,5.0,1.0,0.0,0.0,0.0,0.0,0.0,0.0,0.0,0.0,0.0,62.0,25.0,5.0,12.0,65.0,0.0,8.0
,G Taylor,614,N,pitcher,691799.0,CWS,41.0,0.0,0.0,0.0,0.0,0.0,0.0,0.0,0.0,0.0,0.0,0.0,5.2,0.0,0.0,0.0,2.0,4.0,1.0,0.0,0.0,0.0,0.0,0.0,0.0,0.0,0.0,0.0,84.0,21.0,7.0,10.0,106.0,0.0,11.0
,E Fedde,585,N,pitcher,607200.0,CWS,43.0,0.0,0.0,0.0,0.0,0.0,0.0,0.0,0.0,0.0,0.0,0.0,7.1,1.0,1.23,0.0,0.0,8.0,0.0,0.0,0.0,0.0,0.0,0.0,0.0,0.0,0.0,0.0,141.0,60.0,8.0,0.0,99.0,1.0,0.0
,T Skubal,1030,N,pitcher,669373.0,LAD,73.0,0.0,0.0,0.0,0.0,0.0,0.0,0.0,0.0,0.0,0.0,0.0,12.0,4.0,3.0,2.0,0.0,13.0,0.0,0.0,0.0,0.0,0.0,0.0,0.0,0.0,0.0,0.0,158.2,48.0,12.0,0.0,186.0,16.0,0.0
Team 2,S Langeliers,927,N,hitter,669127.0,ATH,60.0,40.0,0.225,9.0,2.0,0.0,0.0,3.0,3.0,4.0,1.0,0.0,0.0,0.0,0.0,0.0,0.0,0.0,0.0,111.0,21.0,0.0,23.0,37.0,58.0,58.0,3.0,5.0,0.0,0.0,0.0,0.0,0.0,0.0,0.0
,C Raleigh,921,N,hitter,663728.0,SEA,73.0,32.0,0.219,7.0,2.0,0.0,1.0,7.0,3.0,6.0,0.0,0.0,0.0,0.0,0.0,0.0,0.0,0.0,0.0,82.0,15.0,0.0,23.0,72.0,49.0,69.0,2.0,3.0,0.0,0.0,0.0,0.0,0.0,0.0,0.0
,N Kurtz,1003,Y,hitter,701762.0,,0.0,0.0,0.0,0.0,0.0,0.0,0.0,0.0,0.0,0.0,0.0,0.0,0.0,0.0,0.0,0.0,0.0,0.0,0.0,90.0,15.0,1.0,21.0,79.0,62.0,69.0,7.0,3.0,0.0,0.0,0.0,0.0,0.0,0.0,0.0
,L Keaschall,1223,N,hitter,807712.0,MIN,142.0,39.0,0.359,14.0,3.0,3.0,1.0,3.0,13.0,8.0,3.0,2.0,0.0,0.0,0.0,0.0,0.0,0.0,0.0,149.0,28.0,4.0,10.0,59.0,86.0,52.0,20.0,23.0,0.0,0.0,0.0,0.0,0.0,0.0,0.0
,J Altuve,979,N,hitter,514888.0,HOU,78.0,46.0,0.326,15.0,1.0,0.0,1.0,1.0,4.0,6.0,0.0,0.0,0.0,0.0,0.0,0.0,0.0,0.0,0.0,131.0,24.0,2.0,16.0,41.0,70.0,50.0,5.0,3.0,0.0,0.0,0.0,0.0,0.0,0.0,0.0
,B Witt Jr,1387,N,hitter,677951.0,KC,96.0,43.0,0.302,13.0,3.0,0.0,0.0,4.0,10.0,0.0,4.0,0.0,0.0,0.0,0.0,0.0,0.0,0.0,0.0,157.0,33.0,1.0,18.0,67.0,94.0,54.0,45.0,3.0,0.0,0.0,0.0,0.0,0.0,0.0,0.0
,J Pena,1016,N,hitter,665161.0,HOU,121.0,47.0,0.319,15.0,1.0,1.0,3.0,0.0,9.0,7.0,3.0,1.0,0.0,0.0,0.0,0.0,0.0,0.0,0.0,124.0,19.0,2.0,22.0,24.0,82.0,56.0,12.0,9.0,0.0,0.0,0.0,0.0,0.0,0.0,0.0
,B Buxton,874,N,hitter,621439.0,MIN,0.0,0.0,0.0,0.0,0.0,0.0,0.0,0.0,0.0,0.0,0.0,0.0,0.0,0.0,0.0,0.0,0.0,0.0,0.0,94.0,18.0,1.0,25.0,30.0,65.0,46.0,7.0,6.0,0.0,0.0,0.0,0.0,0.0,0.0,0.0
,B Rooker,359,Y,hitter,667670.0,,0.0,0.0,0.0,0.0,0.0,0.0,0.0,0.0,0.0,0.0,0.0,0.0,0.0,0.0,0.0,0.0,0.0,0.0,0.0,36.0,4.0,0.0,10.0,19.0,20.0,29.0,2.0,2.0,0.0,0.0,0.0,0.0,0.0,0.0,0.0
,Y Alvarez,1724,N,hitter,670541.0,HOU,136.0,42.0,0.381,16.0,4.0,0.0,3.0,6.0,9.0,8.0,0.0,1.0,0.0,0.0,0.0,0.0,0.0,0.0,0.0,179.0,34.0,1.0,42.0,109.0,105.0,106.0,1.0,11.0,0.0,0.0,0.0,0.0,0.0,0.0,0.0
,J Adell,1183,N,hitter,666176.0,CLE,80.0,38.0,0.263,10.0,1.0,0.0,1.0,6.0,5.0,4.0,1.0,0.0,0.0,0.0,0.0,0.0,0.0,0.0,0.0,145.0,26.0,1.0,23.0,34.0,70.0,94.0,5.0,18.0,0.0,0.0,0.0,0.0,0.0,0.0,0.0
,M Trout,1282,N,hitter,545361.0,LAA,84.0,35.0,0.229,8.0,1.0,0.0,1.0,11.0,5.0,2.0,0.0,1.0,0.0,0.0,0.0,0.0,0.0,0.0,0.0,124.0,26.0,0.0,22.0,107.0,86.0,54.0,11.0,11.0,0.0,0.0,0.0,0.0,0.0,0.0,0.0
,J Rodriguez,1203,N,hitter,677594.0,SEA,80.0,36.0,0.333,12.0,3.0,0.0,1.0,2.0,1.0,5.0,1.0,2.0,0.0,0.0,0.0,0.0,0.0,0.0,0.0,147.0,26.0,0.0,22.0,47.0,69.0,71.0,22.0,7.0,0.0,0.0,0.0,0.0,0.0,0.0,0.0
,Z Neto,1457,N,hitter,687263.0,LAA,118.0,37.0,0.216,8.0,2.0,0.0,1.0,13.0,7.0,3.0,4.0,2.0,0.0,0.0,0.0,0.0,0.0,0.0,0.0,148.0,31.0,5.0,27.0,70.0,102.0,77.0,24.0,14.0,0.0,0.0,0.0,0.0,0.0,0.0,0.0
,W Langford,936,N,hitter,694671.0,TEX,90.0,34.0,0.235,8.0,1.0,0.0,0.0,11.0,6.0,5.0,2.0,0.0,0.0,0.0,0.0,0.0,0.0,0.0,0.0,98.0,20.0,2.0,17.0,55.0,64.0,44.0,15.0,4.0,0.0,0.0,0.0,0.0,0.0,0.0,0.0
,C Ragans,204,Y,pitcher,666142.0,,0.0,0.0,0.0,0.0,0.0,0.0,0.0,0.0,0.0,0.0,0.0,0.0,0.0,0.0,0.0,0.0,0.0,0.0,0.0,0.0,0.0,0.0,0.0,0.0,0.0,0.0,0.0,0.0,35.1,19.0,1.0,0.0,45.0,3.0,0.0
,B Ober,556,N,pitcher,641927.0,MIN,35.0,0.0,0.0,0.0,0.0,0.0,0.0,0.0,0.0,0.0,0.0,0.0,8.0,6.0,6.75,0.0,1.0,8.0,0.0,0.0,0.0,0.0,0.0,0.0,0.0,0.0,0.0,0.0,131.0,65.0,7.0,1.0,96.0,6.0,0.0
,J Ryan,823,N,pitcher,657746.0,MIN,65.0,0.0,0.0,0.0,0.0,0.0,0.0,0.0,0.0,0.0,0.0,0.0,11.0,4.0,3.27,1.0,0.0,13.0,0.0,0.0,0.0,0.0,0.0,0.0,0.0,0.0,0.0,0.0,144.2,61.0,7.0,0.0,159.0,12.0,0.0
,H Brown,645,N,pitcher,686613.0,HOU,70.0,0.0,0.0,0.0,0.0,0.0,0.0,0.0,0.0,0.0,0.0,0.0,10.1,1.0,0.87,0.0,0.0,14.0,0.0,0.0,0.0,0.0,0.0,0.0,0.0,0.0,0.0,0.0,107.1,38.0,6.0,0.0,124.0,7.0,0.0
,J Soriano,923,N,pitcher,667755.0,TOR,24.0,0.0,0.0,0.0,0.0,0.0,0.0,0.0,0.0,0.0,0.0,0.0,8.0,10.0,11.25,0.0,0.0,10.0,0.0,0.0,0.0,0.0,0.0,0.0,0.0,0.0,0.0,0.0,177.1,77.0,12.0,0.0,169.0,11.0,0.0
,Y Kikuchi,313,N,pitcher,579328.0,LAA,56.0,0.0,0.0,0.0,0.0,0.0,0.0,0.0,0.0,0.0,0.0,0.0,14.2,9.0,5.52,0.0,0.0,13.0,0.0,0.0,0.0,0.0,0.0,0.0,0.0,0.0,0.0,0.0,67.2,37.0,1.0,0.0,67.0,3.0,0.0
,B Woo,953,N,pitcher,693433.0,SEA,47.0,0.0,0.0,0.0,0.0,0.0,0.0,0.0,0.0,0.0,0.0,0.0,10.2,7.0,5.91,0.0,0.0,12.0,0.0,0.0,0.0,0.0,0.0,0.0,0.0,0.0,0.0,0.0,173.0,77.0,12.0,0.0,175.0,16.0,0.0
,L Gilbert,1072,N,pitcher,669302.0,SEA,45.0,0.0,0.0,0.0,0.0,0.0,0.0,0.0,0.0,0.0,0.0,0.0,8.0,4.0,4.5,0.0,0.0,11.0,0.0,0.0,0.0,0.0,0.0,0.0,0.0,0.0,0.0,0.0,186.0,77.0,12.0,0.0,205.0,14.0,0.0
,Tay Rogers,314,N,pitcher,573124.0,MIN,33.0,0.0,0.0,0.0,0.0,0.0,0.0,0.0,0.0,0.0,0.0,0.0,5.0,0.0,0.0,0.0,0.0,6.0,0.0,0.0,0.0,0.0,0.0,0.0,0.0,0.0,0.0,0.0,60.1,29.0,6.0,2.0,54.0,0.0,9.0
,J Hader,434,N,pitcher,623352.0,HOU,4.0,0.0,0.0,0.0,0.0,0.0,0.0,0.0,0.0,0.0,0.0,0.0,2.1,1.0,3.86,0.0,0.0,0.0,0.0,0.0,0.0,0.0,0.0,0.0,0.0,0.0,0.0,0.0,44.2,5.0,4.0,26.0,55.0,0.0,0.0
,H Strickland,0,Y,pitcher,519326.0,,0.0,0.0,0.0,0.0,0.0,0.0,0.0,0.0,0.0,0.0,0.0,0.0,0.0,0.0,0.0,0.0,0.0,0.0,0.0,0.0,0.0,0.0,0.0,0.0,0.0,0.0,0.0,0.0,0.0,0.0,0.0,0.0,0.0,0.0,0.0
,B Joyce,108,N,pitcher,690829.0,LAA,9.0,0.0,0.0,0.0,0.0,0.0,0.0,0.0,0.0,0.0,0.0,0.0,2.0,2.0,9.0,0.0,0.0,3.0,0.0,0.0,0.0,0.0,0.0,0.0,0.0,0.0,0.0,0.0,15.1,7.0,0.0,5.0,18.0,0.0,2.0
,R Detmers,1096,N,pitcher,672282.0,LAA,62.0,0.0,0.0,0.0,0.0,0.0,0.0,0.0,0.0,0.0,0.0,0.0,11.0,4.0,3.27,1.0,0.0,12.0,0.0,0.0,0.0,0.0,0.0,0.0,0.0,0.0,0.0,0.0,185.0,69.0,7.0,0.0,211.0,16.0,0.0
,K Yates,256,N,pitcher,489446.0,PIT,14.0,0.0,0.0,0.0,0.0,0.0,0.0,0.0,0.0,0.0,0.0,0.0,2.2,0.0,0.0,0.0,0.0,2.0,0.0,0.0,0.0,0.0,0.0,0.0,0.0,0.0,0.0,0.0,42.1,15.0,2.0,3.0,49.0,0.0,1.0
,C Martin,0,N,pitcher,668885.0,MIN,0.0,0.0,0.0,0.0,0.0,0.0,0.0,0.0,0.0,0.0,0.0,0.0,0.0,0.0,0.0,0.0,0.0,0.0,0.0,0.0,0.0,0.0,0.0,0.0,0.0,0.0,0.0,0.0,0.0,0.0,0.0,0.0,0.0,0.0,0.0
Team 3,A Ramirez,439,N,hitter,682663.0,MIA,60.0,31.0,0.323,10.0,1.0,0.0,1.0,2.0,4.0,3.0,0.0,0.0,0.0,0.0,0.0,0.0,0.0,0.0,0.0,53.0,10.0,1.0,5.0,26.0,31.0,24.0,4.0,2.0,0.0,0.0,0.0,0.0,0.0,0.0,0.0
,M Olson,1461,N,hitter,621566.0,ATL,72.0,37.0,0.27,10.0,1.0,0.0,2.0,1.0,3.0,8.0,0.0,0.0,0.0,0.0,0.0,0.0,0.0,0.0,0.0,157.0,34.0,0.0,41.0,64.0,99.0,93.0,4.0,3.0,0.0,0.0,0.0,0.0,0.0,0.0,0.0
,M Busch,1303,N,hitter,683737.0,CHC,73.0,35.0,0.286,10.0,0.0,0.0,1.0,7.0,5.0,1.0,0.0,1.0,0.0,0.0,0.0,0.0,0.0,0.0,0.0,145.0,27.0,2.0,20.0,92.0,78.0,77.0,3.0,13.0,0.0,0.0,0.0,0.0,0.0,0.0,0.0
,O Albies,1172,N,hitter,645277.0,ATL,29.0,35.0,0.114,4.0,0.0,0.0,0.0,2.0,2.0,2.0,0.0,1.0,0.0,0.0,0.0,0.0,0.0,0.0,0.0,146.0,27.0,1.0,22.0,46.0,85.0,73.0,4.0,8.0,0.0,0.0,0.0,0.0,0.0,0.0,0.0
,X Edwards,1072,N,hitter,669364.0,MIA,15.0,10.0,0.1,1.0,0.0,0.0,0.0,2.0,1.0,0.0,1.0,0.0,0.0,0.0,0.0,0.0,0.0,0.0,0.0,145.0,17.0,6.0,6.0,68.0,61.0,52.0,21.0,0.0,0.0,0.0,0.0,0.0,0.0,0.0,0.0
,O Lopez,1404,N,hitter,672640.0,MIA,88.0,37.0,0.297,11.0,1.0,0.0,1.0,4.0,5.0,2.0,4.0,1.0,0.0,0.0,0.0,0.0,0.0,0.0,0.0,191.0,32.0,9.0,11.0,40.0,94.0,71.0,34.0,9.0,0.0,0.0,0.0,0.0,0.0,0.0,0.0
,C Abrams,1535,N,hitter,682928.0,WSH,115.0,37.0,0.216,8.0,1.0,1.0,3.0,4.0,5.0,10.0,5.0,0.0,0.0,0.0,0.0,0.0,0.0,0.0,0.0,151.0,30.0,4.0,33.0,57.0,93.0,106.0,34.0,12.0,0.0,0.0,0.0,0.0,0.0,0.0,0.0
,B Nimmo,1144,N,hitter,607043.0,TEX,60.0,38.0,0.211,8.0,3.0,0.0,0.0,3.0,7.0,2.0,0.0,0.0,0.0,0.0,0.0,0.0,0.0,0.0,0.0,154.0,36.0,4.0,14.0,51.0,65.0,62.0,7.0,7.0,0.0,0.0,0.0,0.0,0.0,0.0,0.0
,R Acuna Jr,1001,N,hitter,660670.0,ATL,74.0,30.0,0.267,8.0,1.0,0.0,2.0,3.0,4.0,6.0,1.0,0.0,0.0,0.0,0.0,0.0,0.0,0.0,0.0,104.0,18.0,1.0,20.0,53.0,61.0,55.0,21.0,5.0,0.0,0.0,0.0,0.0,0.0,0.0,0.0
,K Stowers,1003,N,hitter,669065.0,MIA,66.0,25.0,0.24,6.0,1.0,0.0,2.0,4.0,4.0,4.0,0.0,1.0,0.0,0.0,0.0,0.0,0.0,0.0,0.0,107.0,27.0,4.0,21.0,52.0,57.0,65.0,1.0,10.0,0.0,0.0,0.0,0.0,0.0,0.0,0.0
,J Marsee,1145,N,hitter,805300.0,MIA,89.0,30.0,0.333,10.0,1.0,1.0,1.0,5.0,7.0,4.0,1.0,1.0,0.0,0.0,0.0,0.0,0.0,0.0,0.0,119.0,19.0,7.0,11.0,78.0,83.0,41.0,23.0,15.0,0.0,0.0,0.0,0.0,0.0,0.0,0.0
,J Soto,1097,N,hitter,665742.0,NYM,101.0,43.0,0.279,12.0,1.0,0.0,2.0,7.0,5.0,7.0,0.0,1.0,0.0,0.0,0.0,0.0,0.0,0.0,0.0,110.0,11.0,2.0,27.0,78.0,63.0,68.0,9.0,1.0,0.0,0.0,0.0,0.0,0.0,0.0,0.0
,J Wood,1481,N,hitter,695578.0,WSH,54.0,38.0,0.237,9.0,1.0,0.0,0.0,4.0,4.0,2.0,0.0,0.0,0.0,0.0,0.0,0.0,0.0,0.0,0.0,136.0,30.0,1.0,30.0,102.0,106.0,77.0,21.0,4.0,0.0,0.0,0.0,0.0,0.0,0.0,0.0
,K Schwarber,1520,N,hitter,656941.0,PHI,80.0,37.0,0.135,5.0,3.0,0.0,0.0,12.0,5.0,2.0,0.0,2.0,0.0,0.0,0.0,0.0,0.0,0.0,0.0,135.0,20.0,1.0,45.0,105.0,95.0,97.0,3.0,8.0,0.0,0.0,0.0,0.0,0.0,0.0,0.0
,N Hoerner,1162,N,hitter,663538.0,CHC,53.0,36.0,0.222,8.0,1.0,0.0,0.0,2.0,2.0,3.0,1.0,2.0,0.0,0.0,0.0,0.0,0.0,0.0,0.0,165.0,29.0,1.0,8.0,43.0,62.0,72.0,23.0,10.0,0.0,0.0,0.0,0.0,0.0,0.0,0.0
,J DeGrom,978,N,pitcher,594798.0,TEX,13.0,0.0,0.0,0.0,0.0,0.0,0.0,0.0,0.0,0.0,0.0,0.0,8.1,11.0,11.88,0.0,0.0,7.0,0.0,0.0,0.0,0.0,0.0,0.0,0.0,0.0,0.0,0.0,162.2,76.0,11.0,0.0,201.0,12.0,0.0
,N Eovaldi,777,N,pitcher,543135.0,TEX,38.0,0.0,0.0,0.0,0.0,0.0,0.0,0.0,0.0,0.0,0.0,0.0,10.1,5.0,4.35,1.0,0.0,5.0,1.0,0.0,0.0,0.0,0.0,0.0,0.0,0.0,0.0,0.0,145.2,68.0,11.0,0.0,144.0,11.0,1.0
,M Gore,862,N,pitcher,669022.0,TEX,25.0,0.0,0.0,0.0,0.0,0.0,0.0,0.0,0.0,0.0,0.0,0.0,11.1,5.0,3.97,0.0,0.0,2.0,0.0,0.0,0.0,0.0,0.0,0.0,0.0,0.0,0.0,0.0,173.0,88.0,8.0,0.0,174.0,9.0,0.0
,T White,253,N,hitter,695720.0,ATH,42.0,27.0,0.296,8.0,0.0,0.0,1.0,1.0,2.0,2.0,0.0,0.0,0.0,0.0,0.0,0.0,0.0,0.0,0.0,48.0,5.0,0.0,3.0,5.0,19.0,10.0,0.0,0.0,0.0,0.0,0.0,0.0,0.0,0.0,0.0
,E Perez,880,N,pitcher,691587.0,MIA,79.0,0.0,0.0,0.0,0.0,0.0,0.0,0.0,0.0,0.0,0.0,0.0,14.2,5.0,3.07,1.0,0.0,15.0,0.0,0.0,0.0,0.0,0.0,0.0,0.0,0.0,0.0,0.0,159.0,69.0,8.0,0.0,170.0,12.0,0.0
,S Alcantara,1010,N,pitcher,645261.0,MIA,42.0,0.0,0.0,0.0,0.0,0.0,0.0,0.0,0.0,0.0,0.0,0.0,9.0,4.0,4.0,0.0,3.0,4.0,0.0,0.0,0.0,0.0,0.0,0.0,0.0,0.0,0.0,0.0,214.0,92.0,13.0,3.0,153.0,21.0,0.0
,Z Wheeler,1058,N,pitcher,554430.0,PHI,117.0,0.0,0.0,0.0,0.0,0.0,0.0,0.0,0.0,0.0,0.0,0.0,18.2,4.0,1.93,2.0,0.0,21.0,0.0,0.0,0.0,0.0,0.0,0.0,0.0,0.0,0.0,0.0,162.0,54.0,14.0,0.0,193.0,17.0,0.0
,C Sanchez,1313,N,pitcher,650911.0,PHI,81.0,0.0,0.0,0.0,0.0,0.0,0.0,0.0,0.0,0.0,0.0,0.0,13.1,4.0,2.7,1.0,0.0,16.0,0.0,0.0,0.0,0.0,0.0,0.0,0.0,0.0,0.0,0.0,207.0,67.0,18.0,0.0,231.0,22.0,0.0
,R Iglesias,496,N,pitcher,628452.0,ATL,38.0,0.0,0.0,0.0,0.0,0.0,0.0,0.0,0.0,0.0,0.0,0.0,4.0,0.0,0.0,0.0,1.0,7.0,0.0,0.0,0.0,0.0,0.0,0.0,0.0,0.0,0.0,0.0,60.0,17.0,1.0,34.0,64.0,0.0,0.0
,P Fairbanks,327,N,pitcher,664126.0,MIA,0.0,0.0,0.0,0.0,0.0,0.0,0.0,0.0,0.0,0.0,0.0,0.0,0.0,0.0,0.0,0.0,0.0,0.0,0.0,0.0,0.0,0.0,0.0,0.0,0.0,0.0,0.0,0.0,41.1,29.0,4.0,19.0,57.0,0.0,2.0
,D Williams,315,N,pitcher,642207.0,NYM,11.0,0.0,0.0,0.0,0.0,0.0,0.0,0.0,0.0,0.0,0.0,0.0,2.0,0.0,0.0,0.0,0.0,1.0,1.0,0.0,0.0,0.0,0.0,0.0,0.0,0.0,0.0,0.0,40.2,20.0,3.0,16.0,52.0,0.0,1.0
,Jo Duran,569,N,pitcher,661395.0,PHI,54.0,0.0,0.0,0.0,0.0,0.0,0.0,0.0,0.0,0.0,0.0,0.0,5.0,1.0,1.8,0.0,3.0,9.0,0.0,0.0,0.0,0.0,0.0,0.0,0.0,0.0,0.0,0.0,59.1,12.0,2.0,33.0,84.0,0.0,0.0
,C Cavalli,1093,N,pitcher,676917.0,WSH,38.0,0.0,0.0,0.0,0.0,0.0,0.0,0.0,0.0,0.0,0.0,0.0,5.0,0.0,0.0,1.0,0.0,6.0,0.0,0.0,0.0,0.0,0.0,0.0,0.0,0.0,0.0,0.0,169.2,57.0,13.0,0.0,200.0,18.0,0.0
,C Beeter,321,N,pitcher,690925.0,WSH,0.0,0.0,0.0,0.0,0.0,0.0,0.0,0.0,0.0,0.0,0.0,0.0,0.0,0.0,0.0,0.0,0.0,0.0,0.0,0.0,0.0,0.0,0.0,0.0,0.0,0.0,0.0,0.0,48.0,24.0,6.0,12.0,47.0,0.0,9.0
,D Palencia,174,N,pitcher,694037.0,CHC,29.0,0.0,0.0,0.0,0.0,0.0,0.0,0.0,0.0,0.0,0.0,0.0,4.1,0.0,0.0,0.0,0.0,4.0,2.0,0.0,0.0,0.0,0.0,0.0,0.0,0.0,0.0,0.0,29.2,12.0,2.0,3.0,30.0,0.0,3.0
Team 4,W Contreras,1222,N,hitter,661388.0,MIL,66.0,33.0,0.242,8.0,1.0,0.0,1.0,4.0,2.0,8.0,0.0,0.0,0.0,0.0,0.0,0.0,0.0,0.0,0.0,153.0,27.0,1.0,18.0,61.0,82.0,94.0,1.0,4.0,0.0,0.0,0.0,0.0,0.0,0.0,0.0
,S Stewart,1448,N,hitter,701398.0,CIN,61.0,44.0,0.227,10.0,0.0,0.0,1.0,2.0,5.0,4.0,0.0,0.0,0.0,0.0,0.0,0.0,0.0,0.0,0.0,164.0,25.0,0.0,32.0,63.0,87.0,111.0,15.0,4.0,0.0,0.0,0.0,0.0,0.0,0.0,0.0
,A Burleson,1414,N,hitter,676475.0,STL,62.0,33.0,0.182,6.0,1.0,0.0,3.0,0.0,5.0,5.0,0.0,0.0,0.0,0.0,0.0,0.0,0.0,0.0,0.0,169.0,37.0,1.0,26.0,55.0,89.0,116.0,4.0,6.0,0.0,0.0,0.0,0.0,0.0,0.0,0.0
,M Mclain,847,N,hitter,680574.0,CIN,53.0,34.0,0.176,6.0,1.0,1.0,0.0,1.0,5.0,1.0,3.0,0.0,0.0,0.0,0.0,0.0,0.0,0.0,0.0,81.0,18.0,1.0,15.0,48.0,59.0,40.0,20.0,6.0,0.0,0.0,0.0,0.0,0.0,0.0,0.0
,B Turang,1494,N,hitter,668930.0,MIL,106.0,42.0,0.31,13.0,4.0,0.0,2.0,3.0,6.0,8.0,1.0,0.0,0.0,0.0,0.0,0.0,0.0,0.0,0.0,156.0,37.0,3.0,21.0,90.0,102.0,100.0,19.0,1.0,0.0,0.0,0.0,0.0,0.0,0.0,0.0
,A Bregman,1434,N,hitter,608324.0,CHC,93.0,22.0,0.364,8.0,2.0,1.0,3.0,3.0,5.0,9.0,0.0,0.0,0.0,0.0,0.0,0.0,0.0,0.0,0.0,161.0,33.0,2.0,28.0,76.0,92.0,93.0,3.0,12.0,0.0,0.0,0.0,0.0,0.0,0.0,0.0
,E De La Cruz,1497,N,hitter,682829.0,CIN,122.0,38.0,0.237,9.0,1.0,0.0,3.0,9.0,7.0,7.0,4.0,0.0,0.0,0.0,0.0,0.0,0.0,0.0,0.0,158.0,30.0,5.0,30.0,72.0,99.0,79.0,30.0,2.0,0.0,0.0,0.0,0.0,0.0,0.0,0.0
,J Wetherholt,1130,N,hitter,802139.0,STL,38.0,32.0,0.25,8.0,1.0,0.0,0.0,1.0,1.0,3.0,0.0,0.0,0.0,0.0,0.0,0.0,0.0,0.0,0.0,130.0,15.0,0.0,17.0,64.0,89.0,51.0,14.0,16.0,0.0,0.0,0.0,0.0,0.0,0.0,0.0
,P Crow-Armstrong,1874,N,hitter,691718.0,CHC,123.0,38.0,0.289,11.0,2.0,1.0,3.0,6.0,7.0,5.0,4.0,0.0,0.0,0.0,0.0,0.0,0.0,0.0,0.0,175.0,31.0,8.0,45.0,83.0,119.0,107.0,41.0,12.0,0.0,0.0,0.0,0.0,0.0,0.0,0.0
,J Chourio,1293,N,hitter,694192.0,MIL,126.0,38.0,0.316,12.0,0.0,0.0,2.0,6.0,9.0,8.0,6.0,0.0,0.0,0.0,0.0,0.0,0.0,0.0,0.0,152.0,27.0,0.0,25.0,47.0,96.0,75.0,23.0,2.0,0.0,0.0,0.0,0.0,0.0,0.0,0.0
,C Carroll,1420,N,hitter,682998.0,AZ,82.0,36.0,0.222,8.0,3.0,1.0,1.0,3.0,3.0,11.0,0.0,0.0,0.0,0.0,0.0,0.0,0.0,0.0,0.0,139.0,33.0,17.0,22.0,73.0,91.0,78.0,21.0,8.0,0.0,0.0,0.0,0.0,0.0,0.0,0.0
,I Herrera,1341,N,hitter,671056.0,STL,81.0,35.0,0.229,8.0,1.0,0.0,3.0,3.0,5.0,4.0,0.0,2.0,0.0,0.0,0.0,0.0,0.0,0.0,0.0,146.0,26.0,1.0,19.0,76.0,98.0,69.0,8.0,31.0,0.0,0.0,0.0,0.0,0.0,0.0,0.0
,K Marte,1177,N,hitter,606466.0,AZ,63.0,39.0,0.231,9.0,2.0,0.0,0.0,4.0,7.0,2.0,0.0,0.0,0.0,0.0,0.0,0.0,0.0,0.0,0.0,140.0,31.0,3.0,22.0,51.0,78.0,76.0,4.0,6.0,0.0,0.0,0.0,0.0,0.0,0.0,0.0
,M Boyd,598,N,pitcher,571510.0,CHC,61.0,0.0,0.0,0.0,0.0,0.0,0.0,0.0,0.0,0.0,0.0,0.0,12.0,2.0,1.5,2.0,0.0,7.0,0.0,0.0,0.0,0.0,0.0,0.0,0.0,0.0,0.0,0.0,126.2,55.0,10.0,0.0,96.0,9.0,0.0
,S Imanaga,951,N,pitcher,684007.0,CHC,86.0,0.0,0.0,0.0,0.0,0.0,0.0,0.0,0.0,0.0,0.0,0.0,12.0,3.0,2.25,1.0,0.0,18.0,0.0,0.0,0.0,0.0,0.0,0.0,0.0,0.0,0.0,0.0,174.1,73.0,11.0,0.0,174.0,14.0,0.0
,C Burns,1001,N,pitcher,695505.0,CIN,15.0,0.0,0.0,0.0,0.0,0.0,0.0,0.0,0.0,0.0,0.0,0.0,3.0,2.0,6.0,0.0,0.0,4.0,0.0,0.0,0.0,0.0,0.0,0.0,0.0,0.0,0.0,0.0,154.1,49.0,15.0,0.0,185.0,11.0,0.0
,H Greene,139,Y,pitcher,668881.0,,0.0,0.0,0.0,0.0,0.0,0.0,0.0,0.0,0.0,0.0,0.0,0.0,0.0,0.0,0.0,0.0,0.0,0.0,0.0,0.0,0.0,0.0,0.0,0.0,0.0,0.0,0.0,0.0,27.2,21.0,2.0,0.0,33.0,2.0,0.0
,N Lodolo,435,N,pitcher,666157.0,CIN,33.0,0.0,0.0,0.0,0.0,0.0,0.0,0.0,0.0,0.0,0.0,0.0,12.0,5.0,3.75,0.0,0.0,4.0,0.0,0.0,0.0,0.0,0.0,0.0,0.0,0.0,0.0,0.0,108.2,60.0,3.0,0.0,83.0,5.0,0.0
,J Misiorowski,1345,N,pitcher,694819.0,MIL,57.0,0.0,0.0,0.0,0.0,0.0,0.0,0.0,0.0,0.0,0.0,0.0,8.1,0.0,0.0,1.0,0.0,9.0,0.0,0.0,0.0,0.0,0.0,0.0,0.0,0.0,0.0,0.0,174.2,35.0,16.0,0.0,252.0,18.0,0.0
,P Skenes,1016,N,pitcher,694973.0,PIT,64.0,0.0,0.0,0.0,0.0,0.0,0.0,0.0,0.0,0.0,0.0,0.0,12.1,6.0,4.38,0.0,0.0,15.0,0.0,0.0,0.0,0.0,0.0,0.0,0.0,0.0,0.0,0.0,174.1,74.0,10.0,0.0,200.0,13.0,0.0
,H Barco,52,N,pitcher,682995.0,PIT,0.0,0.0,0.0,0.0,0.0,0.0,0.0,0.0,0.0,0.0,0.0,0.0,0.0,0.0,0.0,0.0,0.0,0.0,0.0,0.0,0.0,0.0,0.0,0.0,0.0,0.0,0.0,0.0,17.2,15.0,0.0,0.0,14.0,0.0,1.0
,E Pagan,365,N,pitcher,641941.0,CIN,40.0,0.0,0.0,0.0,0.0,0.0,0.0,0.0,0.0,0.0,0.0,0.0,4.0,0.0,0.0,0.0,2.0,6.0,0.0,0.0,0.0,0.0,0.0,0.0,0.0,0.0,0.0,0.0,42.2,16.0,5.0,25.0,45.0,0.0,0.0
,T Megill,517,N,pitcher,656730.0,MIL,47.0,0.0,0.0,0.0,0.0,0.0,0.0,0.0,0.0,0.0,0.0,0.0,5.0,2.0,3.6,1.0,3.0,6.0,0.0,0.0,0.0,0.0,0.0,0.0,0.0,0.0,0.0,0.0,61.2,18.0,3.0,30.0,69.0,0.0,7.0
,R O'Brien,504,N,pitcher,676617.0,STL,17.0,0.0,0.0,0.0,0.0,0.0,0.0,0.0,0.0,0.0,0.0,0.0,3.0,1.0,3.0,0.0,1.0,2.0,0.0,0.0,0.0,0.0,0.0,0.0,0.0,0.0,0.0,0.0,64.0,29.0,3.0,38.0,64.0,0.0,1.0
,Jo Romero,329,N,pitcher,668941.0,MIL,46.0,0.0,0.0,0.0,0.0,0.0,0.0,0.0,0.0,0.0,0.0,0.0,6.1,1.0,1.42,1.0,0.0,7.0,2.0,0.0,0.0,0.0,0.0,0.0,0.0,0.0,0.0,0.0,56.1,21.0,3.0,0.0,54.0,0.0,23.0
,M Liberatore,722,N,pitcher,669461.0,STL,58.0,0.0,0.0,0.0,0.0,0.0,0.0,0.0,0.0,0.0,0.0,0.0,11.2,2.0,1.54,1.0,0.0,8.0,0.0,0.0,0.0,0.0,0.0,0.0,0.0,0.0,0.0,0.0,155.0,90.0,6.0,0.0,154.0,7.0,0.0
,M Svanson,162,N,pitcher,694335.0,STL,0.0,0.0,0.0,0.0,0.0,0.0,0.0,0.0,0.0,0.0,0.0,0.0,0.0,0.0,0.0,0.0,0.0,0.0,0.0,0.0,0.0,0.0,0.0,0.0,0.0,0.0,0.0,0.0,43.1,35.0,2.0,0.0,41.0,0.0,2.0
,K Leahy,725,N,pitcher,681517.0,STL,6.0,0.0,0.0,0.0,0.0,0.0,0.0,0.0,0.0,0.0,0.0,0.0,5.0,7.0,12.6,0.0,0.0,4.0,0.0,0.0,0.0,0.0,0.0,0.0,0.0,0.0,0.0,0.0,140.0,57.0,10.0,0.0,132.0,6.0,0.0
,H Dobbins,282,N,pitcher,690928.0,STL,0.0,0.0,0.0,0.0,0.0,0.0,0.0,0.0,0.0,0.0,0.0,0.0,0.0,0.0,0.0,0.0,0.0,0.0,0.0,0.0,0.0,0.0,0.0,0.0,0.0,0.0,0.0,0.0,54.0,22.0,3.0,1.0,52.0,2.0,0.0
,C Burnes,28,N,pitcher,669203.0,AZ,2.0,0.0,0.0,0.0,0.0,0.0,0.0,0.0,0.0,0.0,0.0,0.0,2.2,4.0,13.5,0.0,0.0,2.0,0.0,0.0,0.0,0.0,0.0,0.0,0.0,0.0,0.0,0.0,10.1,9.0,0.0,0.0,8.0,0.0,0.0
Team 5,H Goodman,1255,N,hitter,696100.0,COL,79.0,36.0,0.25,9.0,1.0,0.0,3.0,2.0,4.0,7.0,0.0,0.0,0.0,0.0,0.0,0.0,0.0,0.0,0.0,127.0,20.0,2.0,41.0,46.0,84.0,88.0,5.0,5.0,0.0,0.0,0.0,0.0,0.0,0.0,0.0
,P Bailey,526,N,hitter,672275.0,CLE,43.0,20.0,0.2,4.0,0.0,0.0,2.0,1.0,4.0,3.0,0.0,0.0,0.0,0.0,0.0,0.0,0.0,0.0,0.0,64.0,8.0,1.0,10.0,28.0,31.0,37.0,3.0,1.0,0.0,0.0,0.0,0.0,0.0,0.0,0.0
,R Devers,1389,Y,hitter,646240.0,,0.0,0.0,0.0,0.0,0.0,0.0,0.0,0.0,0.0,0.0,0.0,0.0,0.0,0.0,0.0,0.0,0.0,0.0,0.0,144.0,36.0,1.0,37.0,69.0,88.0,98.0,0.0,2.0,0.0,0.0,0.0,0.0,0.0,0.0,0.0
,J Cronenworth,693,N,hitter,630105.0,SD,127.0,40.0,0.325,13.0,2.0,1.0,2.0,3.0,8.0,12.0,2.0,2.0,0.0,0.0,0.0,0.0,0.0,0.0,0.0,85.0,13.0,1.0,7.0,38.0,46.0,41.0,9.0,7.0,0.0,0.0,0.0,0.0,0.0,0.0,0.0
,M Machado,1257,N,hitter,592518.0,SD,65.0,43.0,0.163,7.0,0.0,0.0,2.0,2.0,4.0,8.0,0.0,0.0,0.0,0.0,0.0,0.0,0.0,0.0,0.0,128.0,22.0,0.0,30.0,76.0,82.0,91.0,5.0,1.0,0.0,0.0,0.0,0.0,0.0,0.0,0.0
,E Suarez,947,N,hitter,553993.0,CIN,72.0,27.0,0.222,6.0,1.0,0.0,2.0,2.0,5.0,6.0,0.0,3.0,0.0,0.0,0.0,0.0,0.0,0.0,0.0,92.0,18.0,0.0,26.0,52.0,50.0,74.0,1.0,9.0,0.0,0.0,0.0,0.0,0.0,0.0,0.0
,E Tovar,793,N,hitter,678662.0,COL,65.0,31.0,0.29,9.0,2.0,0.0,2.0,0.0,5.0,2.0,1.0,0.0,0.0,0.0,0.0,0.0,0.0,0.0,0.0,102.0,23.0,0.0,13.0,29.0,57.0,44.0,8.0,2.0,0.0,0.0,0.0,0.0,0.0,0.0,0.0
,J Beck,246,N,hitter,687597.0,COL,25.0,18.0,0.222,4.0,1.0,0.0,0.0,2.0,2.0,0.0,0.0,0.0,0.0,0.0,0.0,0.0,0.0,0.0,0.0,33.0,8.0,2.0,1.0,14.0,17.0,11.0,2.0,0.0,0.0,0.0,0.0,0.0,0.0,0.0,0.0
,F Tatis Jr,1552,N,hitter,665487.0,SD,113.0,39.0,0.308,12.0,3.0,0.0,2.0,4.0,7.0,5.0,3.0,2.0,0.0,0.0,0.0,0.0,0.0,0.0,0.0,181.0,32.0,3.0,25.0,64.0,96.0,83.0,38.0,7.0,0.0,0.0,0.0,0.0,0.0,0.0,0.0
,S Ohtani,1979,N,both,660271.0,LAD,23.0,21.0,0.238,5.0,1.0,0.0,0.0,1.0,0.0,1.0,0.0,0.0,0.0,0.0,0.0,0.0,0.0,0.0,0.0,144.0,26.0,4.0,30.0,81.0,89.0,81.0,11.0,7.0,85.2,17.0,8.0,0.0,95.0,12.0,0.0
,Z Gallen,325,N,pitcher,668678.0,AZ,15.0,0.0,0.0,0.0,0.0,0.0,0.0,0.0,0.0,0.0,0.0,0.0,4.0,1.0,2.25,0.0,0.0,2.0,0.0,0.0,0.0,0.0,0.0,0.0,0.0,0.0,0.0,0.0,105.1,71.0,3.0,0.0,64.0,3.0,0.0
,M Lorenzen,376,Y,pitcher,547179.0,,0.0,0.0,0.0,0.0,0.0,0.0,0.0,0.0,0.0,0.0,0.0,0.0,0.0,0.0,0.0,0.0,0.0,0.0,0.0,0.0,0.0,0.0,0.0,0.0,0.0,0.0,0.0,0.0,127.1,102.0,3.0,1.0,90.0,2.0,0.0
,K Freeland,470,N,pitcher,607536.0,COL,6.0,0.0,0.0,0.0,0.0,0.0,0.0,0.0,0.0,0.0,0.0,0.0,7.0,9.0,11.57,0.0,0.0,4.0,0.0,0.0,0.0,0.0,0.0,0.0,0.0,0.0,0.0,0.0,135.1,100.0,4.0,0.0,108.0,4.0,0.0
,Y Yamamoto,1125,N,pitcher,808967.0,LAD,24.0,0.0,0.0,0.0,0.0,0.0,0.0,0.0,0.0,0.0,0.0,0.0,6.0,2.0,3.0,0.0,0.0,4.0,0.0,0.0,0.0,0.0,0.0,0.0,0.0,0.0,0.0,0.0,185.0,52.0,14.0,0.0,182.0,22.0,0.0
,L Webb,778,N,pitcher,657277.0,SF,0.0,0.0,0.0,0.0,0.0,0.0,0.0,0.0,0.0,0.0,0.0,0.0,0.0,0.0,0.0,0.0,0.0,0.0,0.0,0.0,0.0,0.0,0.0,0.0,0.0,0.0,0.0,0.0,160.2,77.0,8.0,0.0,134.0,17.0,0.0
,C Sale,1136,N,pitcher,519242.0,ATL,44.0,0.0,0.0,0.0,0.0,0.0,0.0,0.0,0.0,0.0,0.0,0.0,5.2,1.0,1.59,0.0,0.0,10.0,0.0,0.0,0.0,0.0,0.0,0.0,0.0,0.0,0.0,0.0,162.2,39.0,14.0,0.0,200.0,19.0,0.0
,V Vodnik,259,N,pitcher,680767.0,MIA,30.0,0.0,0.0,0.0,0.0,0.0,0.0,0.0,0.0,0.0,0.0,0.0,5.0,0.0,0.0,0.0,0.0,5.0,0.0,0.0,0.0,0.0,0.0,0.0,0.0,0.0,0.0,0.0,58.2,32.0,3.0,4.0,44.0,0.0,6.0
,M Miller,773,N,pitcher,695243.0,SD,37.0,0.0,0.0,0.0,0.0,0.0,0.0,0.0,0.0,0.0,0.0,0.0,5.2,5.0,7.94,0.0,1.0,10.0,0.0,0.0,0.0,0.0,0.0,0.0,0.0,0.0,0.0,0.0,70.0,13.0,5.0,38.0,129.0,0.0,0.0
,R Walker,114,N,pitcher,676254.0,SF,0.0,0.0,0.0,0.0,0.0,0.0,0.0,0.0,0.0,0.0,0.0,0.0,0.0,0.0,0.0,0.0,0.0,0.0,0.0,0.0,0.0,0.0,0.0,0.0,0.0,0.0,0.0,0.0,32.2,26.0,0.0,3.0,23.0,0.0,5.0
,A Uribe,431,N,pitcher,682842.0,MIL,44.0,0.0,0.0,0.0,0.0,0.0,0.0,0.0,0.0,0.0,0.0,0.0,5.0,0.0,0.0,1.0,0.0,6.0,3.0,0.0,0.0,0.0,0.0,0.0,0.0,0.0,0.0,0.0,59.1,13.0,6.0,6.0,62.0,0.0,23.0
,C Smith,732,N,pitcher,671922.0,CLE,79.0,0.0,0.0,0.0,0.0,0.0,0.0,0.0,0.0,0.0,0.0,0.0,6.1,0.0,0.0,0.0,5.0,11.0,1.0,0.0,0.0,0.0,0.0,0.0,0.0,0.0,0.0,0.0,74.0,16.0,6.0,41.0,107.0,0.0,1.0
,J Westburg,0,Y,hitter,676059.0,,0.0,0.0,0.0,0.0,0.0,0.0,0.0,0.0,0.0,0.0,0.0,0.0,0.0,0.0,0.0,0.0,0.0,0.0,0.0,0.0,0.0,0.0,0.0,0.0,0.0,0.0,0.0,0.0,0.0,0.0,0.0,0.0,0.0,0.0,0.0
